# ************************************************************
# Sequel Pro SQL dump
# Versão 4541
#
# http://www.sequelpro.com/
# https://github.com/sequelpro/sequelpro
#
# Host: formiga_portal.mysql.dbaas.com.br (MySQL 5.6.40-84.0-log)
# Base de Dados: formiga_portal
# Tempo de Geração: 2019-05-05 02:56:24 +0000
# ************************************************************


/*!40101 SET @OLD_CHARACTER_SET_CLIENT=@@CHARACTER_SET_CLIENT */;
/*!40101 SET @OLD_CHARACTER_SET_RESULTS=@@CHARACTER_SET_RESULTS */;
/*!40101 SET @OLD_COLLATION_CONNECTION=@@COLLATION_CONNECTION */;
/*!40101 SET NAMES utf8 */;
/*!40014 SET @OLD_FOREIGN_KEY_CHECKS=@@FOREIGN_KEY_CHECKS, FOREIGN_KEY_CHECKS=0 */;
/*!40101 SET @OLD_SQL_MODE=@@SQL_MODE, SQL_MODE='NO_AUTO_VALUE_ON_ZERO' */;
/*!40111 SET @OLD_SQL_NOTES=@@SQL_NOTES, SQL_NOTES=0 */;


# Dump da tabela banco
# ------------------------------------------------------------

DROP TABLE IF EXISTS `banco`;

CREATE TABLE `banco` (
  `id` int(11) unsigned NOT NULL AUTO_INCREMENT,
  `descricao` varchar(250) COLLATE latin1_general_ci DEFAULT NULL,
  `vencimento` date DEFAULT NULL,
  `numero_cheque` int(11) DEFAULT NULL,
  `conta` varchar(11) COLLATE latin1_general_ci DEFAULT NULL,
  `banco` int(11) DEFAULT NULL,
  `tipo` varchar(200) COLLATE latin1_general_ci DEFAULT NULL,
  `valor` int(11) DEFAULT NULL,
  PRIMARY KEY (`id`)
) ENGINE=InnoDB DEFAULT CHARSET=latin1 COLLATE=latin1_general_ci;

LOCK TABLES `banco` WRITE;
/*!40000 ALTER TABLE `banco` DISABLE KEYS */;

INSERT INTO `banco` (`id`, `descricao`, `vencimento`, `numero_cheque`, `conta`, `banco`, `tipo`, `valor`)
VALUES
	(1,'DEscricao de Cheque','2019-11-16',234,'34747',6,'2',200);

/*!40000 ALTER TABLE `banco` ENABLE KEYS */;
UNLOCK TABLES;


# Dump da tabela cidade
# ------------------------------------------------------------

DROP TABLE IF EXISTS `cidade`;

CREATE TABLE `cidade` (
  `id` int(4) NOT NULL AUTO_INCREMENT,
  `tipo` varchar(100) COLLATE latin1_general_ci DEFAULT NULL,
  PRIMARY KEY (`id`),
  UNIQUE KEY `id` (`id`),
  KEY `id_2` (`id`),
  KEY `tipo` (`tipo`)
) ENGINE=InnoDB DEFAULT CHARSET=latin1 COLLATE=latin1_general_ci;

LOCK TABLES `cidade` WRITE;
/*!40000 ALTER TABLE `cidade` DISABLE KEYS */;

INSERT INTO `cidade` (`id`, `tipo`)
VALUES
	(1,''),
	(5,'Caçapava'),
	(8,'Campinas'),
	(10,'Caraguatatuba'),
	(14,'Cubatão'),
	(18,'Embú'),
	(9,'Itajubá'),
	(17,'Londrina'),
	(16,'Mongagua'),
	(13,'Paraguaçu Paulista'),
	(6,'Santos'),
	(12,'São Bernardo'),
	(15,'São Carlos'),
	(7,'São José dos Campos'),
	(3,'São Paulo'),
	(2,'São Vicente'),
	(4,'Uberlândia');

/*!40000 ALTER TABLE `cidade` ENABLE KEYS */;
UNLOCK TABLES;


# Dump da tabela dados_pessoas
# ------------------------------------------------------------

DROP TABLE IF EXISTS `dados_pessoas`;

CREATE TABLE `dados_pessoas` (
  `id` int(4) NOT NULL AUTO_INCREMENT,
  `apelido` varchar(100) COLLATE latin1_general_ci DEFAULT NULL,
  `nome` varchar(100) COLLATE latin1_general_ci DEFAULT NULL,
  `relaciona` int(4) DEFAULT NULL,
  `aniver` varchar(10) COLLATE latin1_general_ci DEFAULT NULL,
  `sexo` int(1) DEFAULT '0',
  `profissao` int(4) DEFAULT NULL,
  `profissao_escola` int(4) DEFAULT NULL,
  `conjugue` int(4) DEFAULT NULL,
  `link` int(4) DEFAULT NULL,
  `link1` int(4) DEFAULT NULL,
  `email` varchar(100) COLLATE latin1_general_ci DEFAULT NULL,
  `email1` varchar(100) COLLATE latin1_general_ci DEFAULT NULL,
  `www` varchar(100) COLLATE latin1_general_ci DEFAULT NULL,
  `www1` varchar(100) COLLATE latin1_general_ci DEFAULT NULL,
  `data_esp` varchar(10) COLLATE latin1_general_ci DEFAULT NULL,
  `data_esp_ob` longtext COLLATE latin1_general_ci,
  `tel_res` varchar(15) COLLATE latin1_general_ci DEFAULT NULL,
  `tel_res1` varchar(15) COLLATE latin1_general_ci DEFAULT NULL,
  `tel_cel` varchar(15) COLLATE latin1_general_ci DEFAULT NULL,
  `tel_cel1` varchar(15) COLLATE latin1_general_ci DEFAULT NULL,
  `tel_tramp` varchar(15) COLLATE latin1_general_ci DEFAULT NULL,
  `tel_tramp1` varchar(15) COLLATE latin1_general_ci DEFAULT NULL,
  `tel_outro` varchar(15) COLLATE latin1_general_ci DEFAULT NULL,
  `tel_outro_ob` longtext COLLATE latin1_general_ci,
  `tel_outro1` varchar(15) COLLATE latin1_general_ci DEFAULT NULL,
  `tel_outro1_ob` longtext COLLATE latin1_general_ci,
  `tel_fax` varchar(15) COLLATE latin1_general_ci DEFAULT NULL,
  `tel_fax1` varchar(15) COLLATE latin1_general_ci DEFAULT NULL,
  `telbip_opera` varchar(15) COLLATE latin1_general_ci DEFAULT NULL,
  `icq` varchar(15) COLLATE latin1_general_ci DEFAULT NULL,
  `end` varchar(100) COLLATE latin1_general_ci DEFAULT NULL,
  `end_comp` varchar(100) COLLATE latin1_general_ci DEFAULT NULL,
  `end_numero` varchar(10) COLLATE latin1_general_ci DEFAULT NULL,
  `end_bairro` varchar(100) COLLATE latin1_general_ci DEFAULT NULL,
  `end_cep` varchar(15) COLLATE latin1_general_ci DEFAULT NULL,
  `end_estado` int(4) DEFAULT NULL,
  `end_pais` int(4) DEFAULT NULL,
  `end1` varchar(100) COLLATE latin1_general_ci DEFAULT NULL,
  `end1_comp` varchar(100) COLLATE latin1_general_ci DEFAULT NULL,
  `end1_numero` varchar(10) COLLATE latin1_general_ci DEFAULT NULL,
  `end1_bairro` varchar(100) COLLATE latin1_general_ci DEFAULT NULL,
  `end1_cep` varchar(15) COLLATE latin1_general_ci DEFAULT NULL,
  `end1_estado` int(4) DEFAULT NULL,
  `end1_pais` int(4) DEFAULT NULL,
  `end_cidade` int(4) DEFAULT NULL,
  `end1_cidade` int(4) DEFAULT NULL,
  `trampo_local` varchar(100) COLLATE latin1_general_ci DEFAULT NULL,
  `trampo_razao` varchar(100) COLLATE latin1_general_ci DEFAULT NULL,
  `trampo_cargo` varchar(100) COLLATE latin1_general_ci DEFAULT NULL,
  `trampo_dept` varchar(100) COLLATE latin1_general_ci DEFAULT NULL,
  `trampo_secretaria` varchar(100) COLLATE latin1_general_ci DEFAULT NULL,
  `trampo_secretaria_tel` varchar(15) COLLATE latin1_general_ci DEFAULT NULL,
  `trampo_end` varchar(100) COLLATE latin1_general_ci DEFAULT NULL,
  `trampo_end_comp` varchar(100) COLLATE latin1_general_ci DEFAULT NULL,
  `trampo_end_numero` varchar(10) COLLATE latin1_general_ci DEFAULT NULL,
  `trampo_end_bairro` varchar(100) COLLATE latin1_general_ci DEFAULT NULL,
  `trampo_end_cep` varchar(15) COLLATE latin1_general_ci DEFAULT NULL,
  `trampo_end_cidade` int(4) DEFAULT NULL,
  `trampo_end_estado` int(4) DEFAULT NULL,
  `trampo_end_pais` int(4) DEFAULT NULL,
  `rg` varchar(15) COLLATE latin1_general_ci DEFAULT NULL,
  `cic` varchar(20) COLLATE latin1_general_ci DEFAULT NULL,
  `titulo` varchar(20) COLLATE latin1_general_ci DEFAULT NULL,
  `titulo_zona` varchar(10) COLLATE latin1_general_ci DEFAULT NULL,
  `titulo_sessao` varchar(10) COLLATE latin1_general_ci DEFAULT NULL,
  `cert_nasc` varchar(10) COLLATE latin1_general_ci DEFAULT NULL,
  `cert_nasc_livro` varchar(10) COLLATE latin1_general_ci DEFAULT NULL,
  `cert_nasc_folha` varchar(10) COLLATE latin1_general_ci DEFAULT NULL,
  `cert_nasc_numero` varchar(10) COLLATE latin1_general_ci DEFAULT NULL,
  `alist` varchar(15) COLLATE latin1_general_ci DEFAULT NULL,
  `cart_mot` varchar(20) COLLATE latin1_general_ci DEFAULT NULL,
  `cart_emissao_validade` varchar(11) COLLATE latin1_general_ci DEFAULT NULL,
  `obs` longtext COLLATE latin1_general_ci,
  `telbip_cod` varchar(15) COLLATE latin1_general_ci DEFAULT NULL,
  PRIMARY KEY (`id`),
  UNIQUE KEY `id` (`id`),
  KEY `id_2` (`id`),
  KEY `apelido` (`apelido`)
) ENGINE=InnoDB DEFAULT CHARSET=latin1 COLLATE=latin1_general_ci;

LOCK TABLES `dados_pessoas` WRITE;
/*!40000 ALTER TABLE `dados_pessoas` DISABLE KEYS */;

INSERT INTO `dados_pessoas` (`id`, `apelido`, `nome`, `relaciona`, `aniver`, `sexo`, `profissao`, `profissao_escola`, `conjugue`, `link`, `link1`, `email`, `email1`, `www`, `www1`, `data_esp`, `data_esp_ob`, `tel_res`, `tel_res1`, `tel_cel`, `tel_cel1`, `tel_tramp`, `tel_tramp1`, `tel_outro`, `tel_outro_ob`, `tel_outro1`, `tel_outro1_ob`, `tel_fax`, `tel_fax1`, `telbip_opera`, `icq`, `end`, `end_comp`, `end_numero`, `end_bairro`, `end_cep`, `end_estado`, `end_pais`, `end1`, `end1_comp`, `end1_numero`, `end1_bairro`, `end1_cep`, `end1_estado`, `end1_pais`, `end_cidade`, `end1_cidade`, `trampo_local`, `trampo_razao`, `trampo_cargo`, `trampo_dept`, `trampo_secretaria`, `trampo_secretaria_tel`, `trampo_end`, `trampo_end_comp`, `trampo_end_numero`, `trampo_end_bairro`, `trampo_end_cep`, `trampo_end_cidade`, `trampo_end_estado`, `trampo_end_pais`, `rg`, `cic`, `titulo`, `titulo_zona`, `titulo_sessao`, `cert_nasc`, `cert_nasc_livro`, `cert_nasc_folha`, `cert_nasc_numero`, `alist`, `cart_mot`, `cart_emissao_validade`, `obs`, `telbip_cod`)
VALUES
	(1,'Ninguém','',0,'',0,0,0,0,0,0,'','','','','','','','','','','','','','','','','','','','','','','','','',1,1,'','','','','',1,1,1,1,'','','','','','','','','','','',1,1,1,'','','','','','','','','','','','','',''),
	(2,'KARTT','Etienne Américo Cartolano Júnior',2,'20/02/1981',0,70,34,3,7,8,'kartt@bol.com.br','etienne.cartolano@poli.usp.br','','','11/05/2001','Aniversário de Namoro !','013 3469-1919','','011 9698-6676','','','','','','','','','','','14335361','Rua Jacob Emmerick','ap 1001','42','Centro','11310-070',2,2,'','','','','',1,1,2,1,'Laboratório de Automação Agrícola','LAA - Escola Politécnica da Universidade de São Paulo','Iniciação Científica','WEBBEE','','','','','','','',1,1,1,'29.443.073-8','','','','','','','','','','','12/05/2001','Este é o Pimeiro Registro',''),
	(3,'GANDAUM','Adriana Gola Nardi',36,'17/01/1983',1,2,2,2,12,42,'drign@bol.com.br','','','','28/04/2001','Namoro com o Anjaum','011 3645-3738','','011 9853-6385','011 9211-2652','','','011 3835-2866','Caraguá','012 422-3731','Tia Eliana (FAU)','','','','85064341','Rua Filipinas','','','Alto da Lapa','',1,1,'','','','','',1,1,1,1,'','','','','','','','','','','',1,1,1,'','','','','','','','','','','','00/0/','',''),
	(4,'Vovozinha','Idalina Tores Gobbi Cartolano',5,'10/07/1934',1,4,1,9,2,6,'','','','','00/0/','','013 3469-1919','','013 9714-9838','','','','013 3467-5013','','','Telefone do Prédio Golfinho','','','','','Rua Jacob Emmerick','1001','42','Centro','11310-070',2,2,'','','','','',1,1,2,1,'','','','','','','','','','','',1,1,1,'3.295.938','082.019.458-16','864.154.501-08','','','','','','','','','00/0/','',''),
	(5,'Mamaezinha','Maria Regina Borges Cartolano',54,'01/10/1956',1,37,43,6,7,8,'','','','','00/0/','','013 3238-7049','','','','','','','','','','','','','','Av. Dr Epitácio Pessoa','ap 24','274','Embaré','11045-300',2,2,'','','','','',1,1,6,1,'','','','','','','','','','','',1,1,1,'10.215.096-5','625.215.008-87','992.456.201-16','','','','','','','','','00/0/','',''),
	(6,'PaiPai','Etienne Américo Cartolano',37,'08/06/1955',0,28,1,5,2,4,'','','','','00/0/','','013 3469-1919','','','','','','','','','','','','','','Rua Jacob Emmerick','1001','42','Centro','11310-070',2,2,'','','','','',1,1,2,1,'','','','','','','','','','','',1,1,1,'5.900.833-7','940.619.988-20','992.368.501-16','','','','','','','','','00/0/','',''),
	(7,'Rosana','Rosana Borges Cartolano',27,'21/05/1982',1,31,15,1,2,5,'','','','','00/0/','','013 3238-7049','','','','','','','','','','','','','','Av Dr. Eptácio Pessoa','24','','Embaré','',2,2,'','','','','',1,1,6,1,'','','','','','','','','','','',1,1,1,'29.443.073-x','289.383.738-78','24.413.389.01-16','','','','','','','','','00/0/','',''),
	(8,'Eliene','Eliene Borges Cartolano',27,'10/10/1986',1,72,1,1,2,7,'','','','','00/0/','','013 3231-7049','','','','','','','','','','','','','','','','','','',1,1,'','','','','',1,1,1,1,'','','','','','','','','','','',1,1,1,'','','','','','','','','','','','00/0/','',''),
	(9,'Vovozinho','Etulain Américo Cartolano',35,'19/09/1930',0,4,1,4,2,7,'','','','','00/0/','','','','','','','','','','','','','','','','','','','','',1,1,'','','','','',1,1,1,1,'','','','','','','','','','','',1,1,1,'4.318.578','064.493.018-72','864.089.501-08','','','','','','','','','00/0/','',''),
	(10,'Tio Dodo','Eduardo Américo Cartolano',16,'21/04/',0,1,1,1,9,4,'','','','','00/0/','','','','','','','','','','','','','','','','','','','','',1,1,'','','','','',1,1,1,1,'','','','','','','','','','','',1,1,1,'','','','','','','','','','','','00/0/','',''),
	(11,'Marcia','Maria Marcia Borges',17,'03/10/',1,42,1,1,55,1,'','','','','00/0/','','012 252-4587','','012 253-7452','','','','','','','','','','','','','','','','',1,1,'','','','','',1,1,1,1,'','','','','','','','','','','',1,1,1,'','','','','','','','','','','','00/0/','',''),
	(12,'Maria Lúcia','Maria Lúcia Gola Nardi',1,'00/0/',1,1,1,1,1,1,'','','','','00/0/','','','','','','','','','','','','','','','','','','','','',1,1,'','','','','',1,1,1,1,'','','','','','','','','','','',1,1,1,'','','','','','','','','','','','00/0/','',''),
	(13,'Annie','Annie Cloude',8,'00/0/',1,1,1,1,1,1,'','','','','00/0/','','011 3831-6291','','','','','','','','','','','','','','','','','','',1,1,'','','','','',1,1,1,1,'','','','','','','','','','','',1,1,1,'','','','','','','','','','','','00/0/','',''),
	(14,'Caio Bono','Caio Bonini',40,'00/0/',0,11,34,1,15,57,'','','','','00/0/','','011 3872-6456','','011 9624-1885','','','','','','','','','','','','','','','','',1,1,'','','','','',1,1,1,1,'','','','','','','','','','','',1,1,1,'','','','','','','','','','','','00/0/','Mora atrás do antigo prédio da adriana, rua Guiará (vila madalena)',''),
	(15,'Caio Pompeu','Caio Pompeu Cavalhieri',40,'00/0/',0,22,34,1,14,51,'caiopompeu@uol.com.br','caiopompeu@zipmail.com.br','','','00/0/','','011 3871-5404','','011 9621-6698','','','','','','','','','','','','','','','','',1,1,'','','','','',1,1,1,1,'','','','','','','','','','','',1,1,1,'','','','','','','','','','','','00/0/','Mora perto da vila madalena, entrou na rua da padaria, passou a rotatória a 1° rua com orelhão esquerdo, ap 131-A.',''),
	(16,'Carol Psico','',1,'00/0/',1,21,14,1,49,1,'','','','','00/0/','','','','011 9365-2552','','','','','','','','','','','','','','','','',1,1,'','','','','',1,1,1,1,'','','','','','','','','','','',1,1,1,'','','','','','','','','','','','00/0/','',''),
	(18,'Natha','Nathalie Bouchek Cartolano',8,'10/04/1980',1,5,4,1,34,13,'','','','','00/0/','','','','011 9823-2305','','','','','','','','','','','','','','','','',1,1,'','','','','',1,1,1,1,'','','','','','','','','','','',1,1,1,'','','','','','','','','','','','00/0/','',''),
	(19,'Marisa','Marisa Toshi Nagumo',30,'13/10/1981',1,31,15,1,62,75,'marisanagumo@yahoo.com.br','f_o_positivo@hotmail.com','','','00/0/','','011 3812-3801','013 3469-2311','011 9545-3824','','','','013 9103-2274','','','Celular da Mãe','','','','56360178','Rua Mourato Coelho','apto 101','799','Pinheiros','05417-011',2,2,'Rua Lima Machado','','377','Parque Bitarú','',2,2,3,2,'','','','','','','','','','','',1,1,1,'','','','','','','','','','','','00/0/','',''),
	(20,'Eric','Eric Skrotzky',30,'24/11/1978',1,7,31,1,19,50,'','','','','00/0/','','013 3506-1965','','','','','','','','','','','','','130428134','','','','','',2,2,'','','','','',6,2,16,17,'','','','','','','','','','','',1,1,1,'','','','','','','','','','','','00/0/','',''),
	(21,'Shellshock','Paulo Rodrigo de Mello Frosi',29,'15/11/1979',0,3,3,1,2,22,'rodrigo@uberpostos.com.br','shellshock@zipmail.com.br','','','00/0/','','034 3231-1855','034 3231-8852','034 9124-0099','','034 3231-8588','','013 3463-1588','','','Casa antiga em São Vicente, hoje mora um irmao','','','','38362518','Rua José Resende','','3885','Custódio Pereira','38405-238',7,2,'Rua Monte Prano','','1000','Vila Margarida','11340-070',2,2,4,2,'','','','','','','','','','','',1,1,1,'','','','','','','','','','','','00/0/','',''),
	(22,'Marcos Fábio','Marcos Fábio Defávari',29,'00/0/',1,39,9,1,21,1,'','','','','00/0/','','013 3231-5949','','013 9118-4320','','','','','','','','','','','','','','','','',1,1,'','','','','',1,1,1,1,'','','','','','','','','','','',1,1,1,'','','','','','','','','','','','00/0/','',''),
	(23,'Johnny','Johnny Rampom Rocha',29,'00/0/',0,3,3,1,21,22,'','','','','00/0/','','013 3464-2962','','013 9127-1190','','','','','','','','','','','','','','','','',1,1,'','','','','',1,1,1,1,'','','','','','','','','','','',1,1,1,'','','','','','','','','','','','00/0/','',''),
	(24,'Rafael Praia','Rafael Gomes de Oliveira',44,'08/03/1981',0,1,1,1,1,1,'','','','','00/0/','','013 3466-2564','','013 9705-5699','','','','','','','','','','','','','','','','',1,1,'','','','','',1,1,1,1,'','','','','','','','','','','',1,1,1,'','','','','','','','','','','','00/0/','',''),
	(25,'Wally','Thiago Marim Maçal Teodoro',29,'02/07/1981',0,35,12,1,22,29,'thiago.teodoro@ic.unicamp.br','','http://www.ic.unicamp.br/~ra0009995','','00/0/','','','','019 9715-6779','','','','','','','','','','','3387255','','','','','',1,1,'','','','','',1,1,1,1,'','','','','','','','','','','',1,1,1,'','','','','','','','','','','','00/0/','',''),
	(26,'Daniel Figueira','Daniel Figueira',40,'19/10/1980',0,13,5,1,28,1,'','','','','00/0/','','','','011 9134-3134','','','','','','','','','','','212220','','','','Santo Amaro','',1,1,'','','','','',1,1,1,1,'','','','','','','','','','','',1,1,1,'','','','','','','','','','','','00/0/','Mora perto da Telecom, inglês fluente morou 5 anos lá, rico, manja muito de comp.',''),
	(27,'Ana Claudia','Ana Claudia Ottoni dos Santos',29,'20/05/1981',1,69,20,1,22,21,'anaclaudiasos@bol.com.br','','','','00/0/','','013 3466-8369','','013 9705-7713','','','','','','','','','','','37848514','Rua treze de maio','','392','Centro','11310330',2,2,'','','','','',1,1,2,1,'','','','','','','','','','','',1,1,1,'','','','','','','','','','','','00/0/','Ex-Namorada do Paulo, Filha da Elenice',''),
	(28,'Nádia','Nádia',48,'00/0/',1,46,18,1,26,1,'','','','','00/0/','','011 3862-3236','','011 9242-2899','','','','','','','','','','','','','','','','',1,1,'','','','','',1,1,1,1,'','','','','','','','','','','',1,1,1,'','','','','','','','','','','','00/0/','',''),
	(29,'Batatinha','Luis Fernando Rego Paes',29,'00/0/',0,36,19,1,25,22,'','','','','00/0/','','','','013 9145-0561','','','','','','','','','','','','','','','','',1,1,'','','','','',1,1,1,1,'','','','','','','','','','','',1,1,1,'','','','','','','','','','','','00/0/','',''),
	(30,'Beth','',17,'00/0/',1,1,1,1,1,1,'','','','','00/0/','','','','','','','','','','','','','','','','','','','','',1,1,'','','','','',1,1,1,1,'','','','','','','','','','','',1,1,1,'','','','','','','','','','','','00/0/','',''),
	(31,'Afonso','Afonso',10,'00/0/',1,1,1,1,1,1,'','','','','00/0/','','','','','','','','','','','','','','','','','','','','',1,1,'','','','','',1,1,1,1,'','','','','','','','','','','',1,1,1,'','','','','','','','','','','','00/0/','',''),
	(32,'Eliza','',1,'00/0/',1,1,1,1,1,1,'','','','','00/0/','','','','011 9868-6339','','','','','','','','','','','','','','','','',1,1,'','','','','',1,1,1,1,'','','','','','','','','','','',1,1,1,'','','','','','','','','','','','00/0/','',''),
	(34,'Patrick','Patrick Boucheck Cartolano',8,'19/07/1981',0,1,1,1,18,35,'','','','','00/0/','','011 3831-6291','','011 9814-5701','','','','','','','','','','','','','','','','',2,2,'','','','','',1,1,3,1,'','','','','','','','','','','',1,1,1,'','','','','','','','','','','','00/0/','',''),
	(35,'Fanfi','Stephanie Bouchek Cartolano',8,'00/0/',1,1,1,1,18,34,'','','','','00/0/','','','','011 9823-1651','','','','','','','','','','','','','','','','',1,1,'','','','','',1,1,1,1,'','','','','','','','','','','',1,1,1,'','','','','','','','','','','','00/0/','',''),
	(36,'Rodrigo - Praia','Rodrigo',1,'00/0/',1,1,1,1,24,39,'','','','','00/0/','','','','','','','','','','','','','','','','','','','','',1,1,'','','','','',1,1,1,1,'','','','','','','','','','','',1,1,1,'','','','','','','','','','','','00/0/','',''),
	(37,'Boca','Andre',44,'00/0/',0,1,1,1,24,39,'','','','','00/0/','','013 3466-3612','','','','','','','','','','','','','','','','','','',2,2,'','','','','',1,1,2,1,'','','','','','','','','','','',1,1,1,'','','','','','','','','','','','00/0/','',''),
	(38,'Carla - Rafael','',1,'00/0/',1,1,1,1,1,1,'','','','','00/0/','','','','','','','','','','','','','','','','','','','','',1,1,'','','','','',1,1,1,1,'','','','','','','','','','','',1,1,1,'','','','','','','','','','','','00/0/','',''),
	(39,'Lelinho','Sérgio Parreira Lourenço',1,'00/0/',0,35,9,1,24,36,'','','','','00/0/','','','','013 9126-9055','','','','','','','','','','','','','','','','',1,1,'','','','','',1,1,1,1,'','','','','','','','','','','',1,1,1,'','','','','','','','','','','','00/0/','Meio Pancada',''),
	(41,'Marcel','Marcel Parreira',44,'00/0/',0,1,1,1,39,24,'','','','','00/0/','','013 3561-2179','','','','','','013 3251-7740','','','Avó em Santos Canal 1','','','','','','','','','',1,1,'','','','','',1,1,1,1,'','','','','','','','','','','',1,1,1,'','','','','','','','','','','','00/0/','',''),
	(42,'Fernanda - Gandaum','',1,'00/0/',1,1,1,1,1,1,'','','','','00/0/','','','','','','0800-555522','','','','','','','','','','','','','','',1,1,'','','','','',1,1,1,1,'','','','','','','','','','','',1,1,1,'','','','','','','','','','','','00/0/','',''),
	(43,'Diego','Diego',10,'00/0/',1,1,1,1,1,1,'','','','','00/0/','','','','','','','','','','','','','','','','','','','','',1,1,'','','','','',1,1,1,1,'','','','','','','','','','','',1,1,1,'','','','','','','','','','','','00/0/','',''),
	(44,'Marly','',1,'00/0/',1,1,1,1,1,1,'','','','','00/0/','','','','','','','','','','','','','','','','','','','','',1,1,'','','','','',1,1,1,1,'','','','','','','','','','','',1,1,1,'','','','','','','','','','','','00/0/','',''),
	(45,'Tonha','Antônia',16,'00/0/',1,60,1,1,46,4,'','','','','00/0/','','011 4782-2345','','011 9158-3467','','','','011 7962-4194','','','Vizinha ( Vilma )','','','','','','','','','',2,2,'','','','','',1,1,18,1,'','','','','','','','','','','',1,1,1,'','','','','','','','','','','','00/0/','',''),
	(46,'Marilene','',1,'00/0/',1,1,1,1,1,1,'','','','','00/0/','','','','','','','','','','','','','','','','','','','','',1,1,'','','','','',1,1,1,1,'','','','','','','','','','','',1,1,1,'','','','','','','','','','','','00/0/','',''),
	(47,'Tia Mariah','Mariah',19,'00/0/',1,4,1,1,1,1,'','','','','00/0/','','011 3667-7637','011 3661-3600','','','','','','','','','','','','','','','','','',1,1,'','','','','',1,1,1,1,'','','','','','','','','','','',1,1,1,'','','','','','','','','','','','00/0/','',''),
	(48,'Zé Cartolano','Zé Cartolano',19,'08/11/',0,4,1,79,47,96,'','','','','00/0/','','011 3732-2065','','011 9339-1553','','','','','','','','','','','','','','','','',1,1,'','','','','',1,1,1,1,'','','','','','','','','','','',1,1,1,'','','','','','','','','','','','00/0/','',''),
	(50,'Stanly','Stanly Huang',30,'00/0/',0,21,14,1,19,1,'','','','','00/0/','','','','','','','','','','','','','','011 5508-0737','','','','','','',1,1,'','','','','',1,1,1,1,'','','','','','','','','','','',1,1,1,'','','','','','','','','','','','00/0/','','4365238'),
	(51,'Murilo Poli','Murilo',40,'00/0/',0,12,5,1,15,14,'','','','','00/0/','','011 3834-3354','','','','','','','','','','','','','','','','','','',1,1,'','','','','',1,1,3,3,'','','','','','','','','','','',3,1,1,'','','','','','','','','','','','00/0/','',''),
	(52,'Ana Paula Gandaum','Ana Paula',50,'00/0/',1,1,1,1,1,1,'','','','','00/0/','','013 3252-2656','','','','','','','','','','','','','','','','','','',1,1,'','','','','',1,1,3,3,'','','','','','','','','','','',3,1,1,'','','','','','','','','','','','00/0/','',''),
	(53,'Bolinho','',40,'00/0/',0,70,34,1,18,35,'','','','','00/0/','','','','011 9166-3666','','','','','','','','','','','','','','','','',1,1,'','','','','',1,1,3,1,'','','','','','','','','','','',1,1,1,'','','','','','','','','','','','00/0/','Amigo da Natha que me emprestou os livros no 1° ano, gente fina, bom aluno, coordena Restaurante Zensala em SP, o pai é bam-bam-bam da Jhonsom & Jhosom em SP.',''),
	(54,'Branco','Wagner',44,'00/0/',0,1,1,1,1,1,'','','','','00/0/','','013 3468-0534','','','','','','','','','','','','','','','','','','',1,1,'','','','','',1,1,3,3,'','','','','','','','','','','',3,1,1,'','','','','','','','','','','','00/0/','',''),
	(55,'Vó Marcilia','Marcilia Borges',5,'00/0/',1,1,1,1,1,1,'','','','','00/0/','','012 252-4587','','','','','','','','','','','','','','','','','','',1,1,'','','','','',1,1,3,3,'','','','','','','','','','','',3,1,1,'','','','','','','','','','','','00/0/','',''),
	(56,'Cristian Laa','Cristian Iwamura',24,'17/10/1983',0,53,24,1,1,1,'iwamura@uol.com.br','','','','00/0/','','','','011 9523-8083','','','','','','','','','','','32136171','','','','','',1,1,'','','','','',1,1,12,3,'','','','','','','','','','','',3,1,1,'','','','','','','','','','','','00/0/','',''),
	(57,'Danielle Oreinstein','Danielle Oreinstein Molisani',40,'00/0/',1,11,34,1,15,70,'danielle.molisani@poli.usp.br','','','','00/0/','','011 3735-0988','','011 9331-2474','','','','','','','','','','','','','','','','',1,1,'','','','','',1,1,1,1,'','','','','','','','','','','',1,1,1,'','','','','','','','','','','','00/0/','Danizinha, mora atras no P3 da USP, senha padrão \"amorzinho\"',''),
	(58,'Fernando Vôlei','',44,'00/0/',0,1,1,1,1,1,'','','','','00/0/','','013 3561-3197','','','','','','','','','','','','','','','','','','',1,1,'','','','','',1,1,3,3,'','','','','','','','','','','',3,1,1,'','','','','','','','','','','','00/0/','',''),
	(59,'Jacky','Jackeline Noronha Rodrigues',29,'00/0/',1,35,18,1,17,1,'','','','','00/0/','','011 3464-1790','','013 9774-6340','','013 3362-2256','','','','','','','','','36102755','','','','','',1,1,'','','','','',1,1,3,3,'Cosipa','','','','','','','','','','',3,1,1,'','','','','','','','','','','','00/0/','',''),
	(60,'Juliana','Juliana Pedroso Rodrigues',29,'02/03/1981',1,12,23,1,22,1,'juli.pedroso@uol.com.br','','','','00/0/','','013 3561-5658','035 3622-5340','013 9134-3294','','','','','','','','','','','41449925','','','','','',1,1,'','','','','',1,1,3,3,'','','','','','','','','','','',3,1,1,'','','','','','','','','','','','00/0/','',''),
	(61,'Juliana - Eliene','',45,'00/0/',1,1,1,1,1,1,'','','','','00/0/','','013 3227-6304','','','','','','013 3299-8209','','','Casa da Avó na Zona Noroeste','','','','','','','','','',1,1,'','','','','',1,1,3,3,'','','','','','','','','','','',3,1,1,'','','','','','','','','','','','00/0/','',''),
	(62,'Letícia - psico','',30,'00/0/',1,21,14,1,16,50,'','','','','00/0/','','','','013 9129-5485','','','','','','','','','','','','','','','','',1,1,'','','','','',1,1,3,3,'','','','','','','','','','','',3,1,1,'','','','','','','','','','','','00/0/','',''),
	(63,'Márcio Contador Laa','Márcio',47,'00/0/',0,55,1,1,1,1,'','','','','00/0/','','','','','','011 3818-5558','','','','','','','','','','','','','','',1,1,'','','','','',1,1,3,3,'','','','','','','','','','','',3,1,1,'','','','','','','','','','','','00/0/','',''),
	(65,'Patricia Smile','Patricia',29,'00/0/',1,3,3,1,1,112,'smile_p@zipmail.com.br','','','','00/0/','','013 3460-2966','','013 9714-2770','','013 3367-1122','','','','','','','','','','','','','','',2,2,'','','','','',1,1,14,1,'','','','','','','','','','','',1,1,1,'','','','','','','','','','','','00/0/','',''),
	(66,'Pep','Paulo Pompeu de Toledo',29,'14/11/1980',0,56,3,1,1,1,'cyberpep@deathsdoor.com','','','','00/0/','','013 3467-1699','','','','','','','','','','','','','4611964','','','','','',1,1,'','','','','',1,1,2,1,'','','','','','','','','','','',1,1,1,'','','','','','','','','','','','00/0/','',''),
	(67,'Aline Camargo POLI','Aline Camargo',40,'00/0/',1,1,1,1,57,15,'','','','','00/0/','gdfgdfgdfgd','011 3666-5148','','011 9818-8950','','','','','','','','','','','','','','','','',1,1,'','','','','',1,1,3,3,'','','','','','','','','','','',1,1,1,'','','','','','','','','','','','00/0/','',''),
	(68,'Andre - trabalho de PCC','Andre',40,'00/0/',0,46,5,1,1,1,'','','','','00/0/','','011 3064-0704','','','','','','','','','','','','','','','','','','',1,1,'','','','','',1,1,3,3,'','','','','','','','','','','',3,1,1,'','','','','','','','','','','','00/0/','',''),
	(69,'Danieli CAM','Danieli Kovacs Bertolami',40,'11/06/1982',1,53,5,1,1,1,'dkovacs@bol.com.br','danieli.bertolami@poli.usp.br','','','00/0/','','','','011 9424-1197','','','','','','','','','','','120303414','','','','','',1,1,'','','','','',1,1,3,3,'','','','','','','','','','','',3,1,1,'','','','','','','','','','','','00/0/','',''),
	(70,'Felipe Lombardi','Felipe Lombardi Blasque',40,'00/0/',0,13,5,1,67,57,'','','','','00/0/','','','','011 9412-8779','','','','','','','','','','','','','','','','',1,1,'','','','','',1,1,3,3,'','','','','','','','','','','',3,1,1,'','','','','','','','','','','','00/0/','',''),
	(71,'Ivan POLI','Ivan',40,'00/0/',0,58,5,1,67,15,'','','','','00/0/','','011 3735-2812','','','','','','','','','','','','','','','','','','',1,1,'','','','','',1,1,3,3,'','','','','','','','','','','',3,1,1,'','','','','','','','','','','','00/0/','',''),
	(72,'Rafael Tadeu','Rafael Tadeu Ayres',40,'15/12/1982',0,53,5,1,1,1,'','','','','00/0/','','','','011 9668-5231','','','','','','','','','','','30919218','','','','','',1,1,'','','','','',1,1,3,3,'','','','','','','','','','','',3,1,1,'','','','','','','','','','','','00/0/','',''),
	(73,'Bruno Laa','Bruno Elias Garcia',20,'26/12/1981',0,12,34,1,77,56,'elias.garcia@poli.usp.br','','http://www.laa.pcs.poli.usp.br/bruno.html','','00/0/','','','','','','','','','','','','','','','34227609','','','','','',1,1,'','','','','',1,1,1,1,'','','','','','','','','','','',1,1,1,'','','','','','','','','','','','00/0/','',''),
	(74,'Marcio Henrique POLI','Marcio Henrique Oliveira',40,'05/04/1982',1,46,5,1,1,1,'','','','','00/0/','','','','','','','','','','','','','','','6271865','','','','','',1,1,'','','','','',1,1,3,3,'','','','','','','','','','','',3,1,1,'','','','','','','','','','','','00/0/','',''),
	(75,'Poncinha','Luciene',30,'00/0/',1,30,16,1,19,62,'','','','','00/0/','','','','013 9116-3275','','','','','','','','','','','','','','','','',1,1,'','','','','',1,1,3,3,'','','','','','','','','','','',3,1,1,'','','','','','','','','','','','00/0/','',''),
	(76,'Renato Laa','Renato Souza Cunha',22,'00/0/',0,12,5,1,73,1,'rescunha@uol.com.br','','','','00/0/','','011 3721-8991','','011 9218-0447','','','','011 3091-2560','Telefone IEE','011 3091-0548','Telefone IEE2','','','','','','','','','',1,1,'','','','','',1,1,3,3,'','','','','','','','','','','',3,1,1,'','','','','','','','','','','','00/0/','',''),
	(78,'Seda','Claudio Rogner',44,'00/0/',0,1,1,1,41,24,'','','','','00/0/','','013 3561-5336','','013 9134-0294','','','','','','','','','','','','','','','','',1,1,'','','','','',1,1,3,3,'','','','','','','','','','','',3,1,1,'','','','','','','','','','','','00/0/','',''),
	(79,'Tia Bia','Beatriz Cartolano',19,'00/0/',1,1,1,48,47,9,'','','','','00/0/','','011 3733-2071','','','','','','','','','','','','','','','','','','',1,1,'','','','','',1,1,3,3,'','','','','','','','','','','',3,1,1,'','','','','','','','','','','','00/0/','Esposa do Irmão do Vô Tulen',''),
	(80,'Tia Tereza','',18,'00/0/',1,1,1,1,1,1,'','','','','00/0/','','011 3735-6520','','011 9336-9119','','011 3032-3566','','','','','','','','','','','','','','',1,1,'','','','','',1,1,3,3,'','','','','','','','','','','',3,1,1,'','','','','','','','','','','','00/0/','',''),
	(81,'Trilili','Lisandra',17,'00/0/',1,1,1,1,1,1,'','','','','00/0/','','012 3655-4174','','','','','','','','','','','','','','','','','','',1,1,'','','','','',1,1,1,1,'','','','','','','','','','','',1,1,1,'','','','','','','','','','','','00/0/','',''),
	(82,'Cuca','Etulain Américo Cartolano Júnior',16,'01/10/',0,31,21,13,18,35,'','','','','00/0/','','011 3831-6291','011 3835-3111','011 9804-8380','','011 6694-6908','011 6698-0388','','','','','','','','','','','','','',1,1,'','','','','',1,1,3,3,'','','','','','','','','','','',3,1,1,'','','','','','','','','','','','00/0/','',''),
	(83,'João Manoel - Tereza','João Manoel',18,'00/0/',0,55,1,1,80,1,'','','','','00/0/','','','','011 9372-4779','','011 3032-3566','','','','','','','','','','','','','','',1,1,'','','','','',1,1,3,3,'','','','','','','','','','','',3,1,1,'','','','','','','','','','','','00/0/','',''),
	(84,'Zé Manoel - Tereza','',18,'00/0/',0,1,1,1,1,1,'','','','','00/0/','','','','011 9372-4780','','','','','','','','','','','','','','','','',1,1,'','','','','',1,1,3,3,'','','','','','','','','','','',3,1,1,'','','','','','','','','','','','00/0/','',''),
	(85,'Vinicius - Rosana','Vinicius Brito',29,'15/12/1982',0,53,1,1,1,1,'vipper15@zipmail.com.br','falcon15@zipmail.com.br','','','00/0/','','013 3221-2643','','013 9118-9302','','','','','','','','','','','23688758','','','','','',1,1,'','','','','',1,1,3,3,'','','','','','','','','','','',3,1,1,'','','','','','','','','','','','00/0/','',''),
	(86,'Simone','Simone',29,'00/0/',1,21,41,1,1,1,'','','','','00/0/','','013 3236-8341','','','','','','','','','','','','','','','','','','',1,1,'','','','','',1,1,3,3,'','','','','','','','','','','',3,1,1,'','','','','','','','','','','','00/0/','',''),
	(94,'Carmencita','Carmencita',55,'00/0/',1,1,1,1,1,1,'','','','','00/0/','','043 422-1668','','','','','','','','','','','','','','','','','','',1,1,'','','','','',1,1,1,1,'','','','','','','','','','','',1,1,1,'','','','','','','','','','','','00/0/','',''),
	(95,'Altiva','Altiva',55,'00/0/',1,1,1,1,1,1,'','','','','00/0/','','011 3872-8545','','','','','','','','','','','','','','','','','','',1,1,'','','','','',1,1,1,1,'','','','','','','','','','','',1,1,1,'','','','','','','','','','','','00/0/','',''),
	(96,'Tio Ienaldi','Ienaldi',19,'00/0/',0,1,1,1,1,1,'','','','','00/0/','','011 214-4819','','','','','','','','','','','','','','','','','','',1,1,'','','','','',1,1,1,1,'','','','','','','','','','','',1,1,1,'','','','','','','','','','','','00/0/','',''),
	(97,'Jussimar','Jussimar',19,'00/0/',1,52,1,1,1,1,'','','','','00/0/','','','','018 361-4224','','','','','','','','','','','','','','','','',1,1,'','','','','',1,1,1,1,'','','','','','','','','','','',1,1,1,'','','','','','','','','','','','00/0/','',''),
	(98,'Jussinéia','',19,'00/0/',1,1,1,1,1,1,'','','','','00/0/','','044 529-3470','','','','','','','','','','','','','','','','','','',1,1,'','','','','',1,1,1,1,'','','','','','','','','','','',1,1,1,'','','','','','','','','','','','00/0/','',''),
	(99,'Júnior - Tereza','Júnior',19,'00/0/',0,51,44,1,80,84,'','','','','00/0/','','011 3062-1804','','','','','','','','','','','','','','','','','','',1,1,'','','','','',1,1,1,1,'','','','','','','','','','','',1,1,1,'','','','','','','','','','','','00/0/','',''),
	(100,'Jussara','Jussara',19,'00/0/',1,1,1,1,97,98,'','','','','00/0/','','018 361-2462','','','','','','','','','','','','','','','','','','',1,1,'','','','','',1,1,1,1,'','','','','','','','','','','',1,1,1,'','','','','','','','','','','','00/0/','',''),
	(101,'Oscar - Tereza','Oscar',19,'00/0/',0,7,1,1,1,1,'','','','','00/0/','','','','','','011 3105-9575','','','','','','','','','','','','','','',1,1,'','','','','',1,1,1,1,'','','','','','','','','','','',1,1,1,'','','','','','','','','','','','00/0/','',''),
	(102,'Tia Nedy','Nedy',19,'24/01/',1,61,1,1,100,98,'','','','','00/0/','','018 361-2464','','','','','','','','','','','','','','','','','','',2,2,'','','','','',1,1,13,1,'','','','','','','','','','','',1,1,1,'','','','','','','','','','','','00/0/','',''),
	(103,'Prof Edith Ranzini','Edith Ranzini',25,'00/0/',1,16,34,1,1,1,'edith.ranzini@poli.usp.br','','','','00/0/','','','','','','011 3091-5282','011 3091-5263','','','','','','','','','','','','','',1,1,'','','','','',1,1,1,1,'Escola Politécnica','Escola Politécnica da Universidade de São Paulo','Professor Titular','Engenharia de Computação','Marisa','011 3091-5282','','Sala C2-42','','','',3,2,2,'','','','','','','','','','','','00/0/','Orientou o Ricardo Zerbini, Especialista em Redes Neurais, meio casca grossa, Medalhão na POli, Diretoria FTDE (arranjou bolsa no 1° com o Prof Lucas ), BamBamBam PCS',''),
	(104,'Edvaldo','Edvaldo Miranda Dantas Júnior',29,'13/03/',0,7,33,1,23,1,'emdjr@bol.com.br','','','','00/0/','','','','','','','','','','','','','','','57765033','','','','','',1,1,'','','','','',1,1,1,1,'','','','','','','','','','','',1,1,1,'','','','','','','','','','','','00/0/','',''),
	(105,'Douglas','Douglas Mello',17,'08/05/',0,9,1,81,11,1,'douglasmello@bol.com.br','','','','00/0/','','012 252-4945','','','','','','','','','','','','','','','','','','',1,1,'','','','','',1,1,1,1,'Disvap','Dsitribuidora Nestlè do Vale do Paraíba','Representante Comercial','','','','','','','','',5,2,2,'','','','','','','','','','','','00/0/','',''),
	(106,'Prof Nelson Villela','Nelson Villela',26,'00/0/',0,1,1,1,1,1,'villela@cefetsp.br','','','','00/0/','','','','','','','','','','','','','','','','','','','','',1,1,'','','','','',1,1,1,1,'','','','','','','','','','','',1,1,1,'','','','','','','','','','','','00/0/','Bom professor da Federal, dinossauro da comp, chegou a ser diretor da Federal.',''),
	(107,'Prof Maurício','Mauricio Asenjo',26,'00/0/',0,1,1,1,106,1,'asenjo@stcecilia.br','','http://usc.stcecilia.br/~asenjo/','','00/0/','','','','','','','','','','','','','','','','','','','','',1,1,'','','','','',1,1,1,1,'','','','','','','','','','','',1,1,1,'','','','','','','','','','','','00/0/','Prof muito bom da Federal, Ajudou no Projeto C3, deu muito apoio, botava fé na galera da Federal, coordenador do curso de Computação da Universidade Santa Cecilia.',''),
	(108,'Camila - federal','Camila Lopes',29,'00/0/',1,20,46,1,17,1,'','','','','00/0/','','013 3469-8329','','','','','','','','','','','','','','','','','','',1,1,'','','','','',1,1,1,1,'','','','','','','','','','','',0,0,0,'','','','','','','','','','','','//','',''),
	(109,'Ana Paula - federal','Ana Paula',29,'00/0/',1,24,37,1,108,1,'','','','','00/0/','','013 3372-2600','','013 9774-7142','','','','','','','','','','','','','','','','',2,2,'','','','','',1,1,14,1,'','','','','','','','','','','',1,1,1,'','','','','','','','','','','','00/0/','',''),
	(110,'Fabiana - Federal','Fabiana Ribeiro de Morais',29,'00/0/',1,14,11,1,1,1,'','','','','00/0/','','013 3468-2152','','013 9704-4352','','','','','','','','','','','','','','','','',1,1,'','','','','',1,1,1,1,'','','','','','','','','','','',1,1,1,'','','','','','','','','','','','00/0/','',''),
	(111,'Prof Anselmo','Anselmo Heidrich',56,'00/0/',0,36,47,1,16,62,'anselmoheidrich@aol.com','','','','00/0/','','','','','','','','','','','','','','','','','','','','',1,1,'','','','','',1,1,1,1,'','','','','','','','','','','',1,1,1,'','','','','','','','','','','','00/0/','',''),
	(112,'Raphael - Federal - Vanessa','Raphael',29,'00/0/',0,3,3,1,65,1,'crambell@zipmail.com.br','','','','00/0/','','','','','','','','','','','','','','','','','','','','',2,2,'','','','','',1,1,14,1,'','','','','','','','','','','',1,1,1,'','','','','','','','','','','','00/0/','',''),
	(113,'Vívian','Vívian Miguel Medeiros',29,'00/0/',1,35,18,1,59,1,'vivian@cosipa.com.br','','','','00/0/','','013 3271-5110','','013 9775-5254','','','','','','','','','','','44135423','','','','','',1,1,'','','','','',1,1,1,1,'COSIPA','Companhia Siderúrgica Paulista','','','','','','','','','',14,2,2,'','','','','','','','','','','','00/0/','',''),
	(114,'Vivre','Vivre Mariano',29,'03/11/1981',1,35,9,1,29,22,'vivre@uol.com.br','','','','00/0/','','013 3284-6151','','','','','','','','','','','','','43431377','','','','','',1,1,'','','','','',1,1,1,1,'','','','','','','','','','','',1,1,1,'','','','','','','','','','','','00/0/','',''),
	(115,'Wagner Rossi','Wagner Rossi',57,'00/0/',0,4,1,1,9,1,'','','','','00/0/','','013 3222-5485','','','','','','','','','','','','','','','','','','',1,1,'','','','','',1,1,1,1,'CODESP','Companhia Docas do Estado de São Paulo','Diretor','','','','','','','','',1,1,1,'','','','','','','','','','','','00/0/','Filho do amigo do Vô Etulain, presidente CODESP.',''),
	(116,'Débora - Anglo','Débora Medeiros',30,'25/08/',1,1,1,1,19,16,'debb_debb@hotmail.com','','','','00/0/','','','','','','','','','','','','','','','69989300','','','','','',1,1,'','','','','',1,1,1,1,'','','','','','','','','','','',1,1,1,'','','','','','','','','','','','00/0/','','');

/*!40000 ALTER TABLE `dados_pessoas` ENABLE KEYS */;
UNLOCK TABLES;


# Dump da tabela escola
# ------------------------------------------------------------

DROP TABLE IF EXISTS `escola`;

CREATE TABLE `escola` (
  `id` int(4) NOT NULL AUTO_INCREMENT,
  `tipo` varchar(100) COLLATE latin1_general_ci DEFAULT NULL,
  PRIMARY KEY (`id`),
  UNIQUE KEY `id` (`id`),
  KEY `id_2` (`id`),
  KEY `tipo` (`tipo`)
) ENGINE=InnoDB DEFAULT CHARSET=latin1 COLLATE=latin1_general_ci;

LOCK TABLES `escola` WRITE;
/*!40000 ALTER TABLE `escola` DISABLE KEYS */;

INSERT INTO `escola` (`id`, `tipo`)
VALUES
	(1,''),
	(16,'Escola de Comunicação e Artes - ECA USP'),
	(34,'Escola Politécnica - EP USP'),
	(3,'Escola Técnica Federal de SP - Uned Cubatão'),
	(21,'Faculdade de Arquitetura de Santos'),
	(15,'Faculdade de Arquitetura e Urbanismo - FAU USP'),
	(46,'Faculdade de Ciencias Farmacêuticas - FCF USP'),
	(33,'Faculdade de Direito - FD USP'),
	(18,'Faculdade de Engenharia Industrial - FEI'),
	(35,'Faculdade de Medicina - FM USP'),
	(44,'Faculdade de Medicina Ribeirão Preto - FMRP USP'),
	(20,'Faculdades Integração'),
	(2,'Faculdades Metropolitanas Unidas - FMU'),
	(11,'Fauldade Tecnológica de São Paulo - FATEC'),
	(43,'Fênix'),
	(38,'Instituo de Física - IF USP'),
	(37,'Instituo de Matemática e Estatística - IME USP'),
	(36,'Instituto de Psicologia - IP USP'),
	(25,'Instituto Mauá de Tecnologia - MAUÁ'),
	(48,'Pontifícia Universidade Católica de MG - PUCMG'),
	(4,'Pontifícia Universidade Católica de SP - PUCSP'),
	(10,'Universidade Católica de Santos - UNISANTOS'),
	(12,'Universidade de Campinas - UNICAMP'),
	(19,'Universidade de São Paulo - USP'),
	(29,'Universidade de São Paulo - USP  Piracicaba'),
	(28,'Universidade de São Paulo - USP  Ribeirão Preto'),
	(30,'Universidade de São Paulo - USP  São Carlos'),
	(27,'Universidade de Taubaté - UNITAU'),
	(31,'Universidade Estadual de Londrina - UEL'),
	(23,'Universidade Federal de Itajubá - UNIFEI'),
	(41,'Universidade Federal de São Carlos - UFSCAR'),
	(7,'Universidade Federal do Rio de Janeiro - UFRJ'),
	(47,'Universidade Federal do Rio Grande do Sul- UFRS'),
	(9,'Universidade Santa Cecília - UNISANTA');

/*!40000 ALTER TABLE `escola` ENABLE KEYS */;
UNLOCK TABLES;


# Dump da tabela estado
# ------------------------------------------------------------

DROP TABLE IF EXISTS `estado`;

CREATE TABLE `estado` (
  `id` int(4) NOT NULL AUTO_INCREMENT,
  `tipo` varchar(100) COLLATE latin1_general_ci DEFAULT NULL,
  PRIMARY KEY (`id`),
  UNIQUE KEY `id` (`id`),
  KEY `id_2` (`id`),
  KEY `tipo` (`tipo`)
) ENGINE=InnoDB DEFAULT CHARSET=latin1 COLLATE=latin1_general_ci;

LOCK TABLES `estado` WRITE;
/*!40000 ALTER TABLE `estado` DISABLE KEYS */;

INSERT INTO `estado` (`id`, `tipo`)
VALUES
	(1,''),
	(7,'Minas Gerais'),
	(6,'Paraná'),
	(3,'Rio de Janeiro'),
	(4,'Rio Grande do Norte'),
	(5,'Rio Grande do Sul'),
	(2,'São Paulo');

/*!40000 ALTER TABLE `estado` ENABLE KEYS */;
UNLOCK TABLES;


# Dump da tabela pais
# ------------------------------------------------------------

DROP TABLE IF EXISTS `pais`;

CREATE TABLE `pais` (
  `id` int(4) NOT NULL AUTO_INCREMENT,
  `tipo` varchar(100) COLLATE latin1_general_ci DEFAULT NULL,
  PRIMARY KEY (`id`),
  UNIQUE KEY `id` (`id`),
  KEY `id_2` (`id`),
  KEY `tipo` (`tipo`)
) ENGINE=InnoDB DEFAULT CHARSET=latin1 COLLATE=latin1_general_ci;

LOCK TABLES `pais` WRITE;
/*!40000 ALTER TABLE `pais` DISABLE KEYS */;

INSERT INTO `pais` (`id`, `tipo`)
VALUES
	(1,''),
	(6,'Argentina'),
	(2,'Brasil'),
	(7,'Chile'),
	(3,'Estados Unidos da América'),
	(5,'Itália'),
	(4,'Índia');

/*!40000 ALTER TABLE `pais` ENABLE KEYS */;
UNLOCK TABLES;


# Dump da tabela pensamentos
# ------------------------------------------------------------

DROP TABLE IF EXISTS `pensamentos`;

CREATE TABLE `pensamentos` (
  `id` int(11) unsigned NOT NULL AUTO_INCREMENT,
  `autor` varchar(250) COLLATE latin1_general_ci DEFAULT NULL,
  `texto` varchar(500) COLLATE latin1_general_ci DEFAULT NULL,
  PRIMARY KEY (`id`)
) ENGINE=InnoDB DEFAULT CHARSET=latin1 COLLATE=latin1_general_ci;

LOCK TABLES `pensamentos` WRITE;
/*!40000 ALTER TABLE `pensamentos` DISABLE KEYS */;

INSERT INTO `pensamentos` (`id`, `autor`, `texto`)
VALUES
	(1,'Charlie Brown Jr','Só os Loucos Sabem'),
	(2,'Legião Urbana','Os bons morrem cedo');

/*!40000 ALTER TABLE `pensamentos` ENABLE KEYS */;
UNLOCK TABLES;


# Dump da tabela profissao
# ------------------------------------------------------------

DROP TABLE IF EXISTS `profissao`;

CREATE TABLE `profissao` (
  `id` int(4) NOT NULL AUTO_INCREMENT,
  `tipo` varchar(100) COLLATE latin1_general_ci DEFAULT NULL,
  PRIMARY KEY (`id`),
  UNIQUE KEY `id` (`id`),
  KEY `id_2` (`id`),
  KEY `tipo` (`tipo`)
) ENGINE=InnoDB DEFAULT CHARSET=latin1 COLLATE=latin1_general_ci;

LOCK TABLES `profissao` WRITE;
/*!40000 ALTER TABLE `profissao` DISABLE KEYS */;

INSERT INTO `profissao` (`id`, `tipo`)
VALUES
	(1,''),
	(42,'Administrador'),
	(69,'Administrador Público'),
	(7,'Advogado'),
	(4,'Aposentado'),
	(31,'Arquiteto'),
	(37,'Auxiliar de Enfermagem'),
	(35,'Cientista da Computação'),
	(43,'Comerciante'),
	(55,'Contador'),
	(71,'Diretor Escola'),
	(6,'Dr. Engenheiro de Computação'),
	(38,'Dr. Engenheiro Mecatrônico'),
	(8,'Dr. Engenheiro Químico'),
	(44,'Economista'),
	(2,'Educação Física'),
	(40,'Enfermeiro'),
	(53,'Engenharia'),
	(33,'Engenheiro Agrícola'),
	(22,'Engenheiro Civil'),
	(32,'Engenheiro de Alimentos'),
	(12,'Engenheiro de Computação'),
	(70,'Engenheiro de Computação Cooperativo'),
	(45,'Engenheiro de Minas'),
	(11,'Engenheiro de Produção'),
	(46,'Engenheiro Elétrico'),
	(58,'Engenheiro Mecatrônica'),
	(57,'Engenheiro Mecânico'),
	(59,'Engenheiro Naval'),
	(72,'Estudante'),
	(20,'Farmacêutico'),
	(39,'Fisioterapeuta'),
	(60,'Funcionário Público'),
	(36,'Geógrafo'),
	(30,'Jornalista'),
	(24,'Matemático'),
	(62,'Mestre Engenheiro de Computação'),
	(51,'Médico - Ginecologista'),
	(52,'Médico - Pediatra'),
	(16,'Prof. Dr. Engenheiro de Computação'),
	(17,'Prof. Dr. Engenheiro Químico'),
	(61,'Professor'),
	(21,'Psicologo'),
	(5,'Publicitário'),
	(10,'Relações Públicas'),
	(9,'Representante Comercial'),
	(26,'Secretário'),
	(23,'Servidor Público'),
	(14,'Tecnológo em Processamento de Dados'),
	(56,'Técnico em Informática Industrial'),
	(3,'Técnico em Processamento de Dados'),
	(28,'Técnico em Segurança do Trabalho'),
	(41,'Vigia'),
	(48,'Zelador'),
	(34,'Zootecnia');

/*!40000 ALTER TABLE `profissao` ENABLE KEYS */;
UNLOCK TABLES;


# Dump da tabela relacionamento
# ------------------------------------------------------------

DROP TABLE IF EXISTS `relacionamento`;

CREATE TABLE `relacionamento` (
  `id` tinyint(4) NOT NULL AUTO_INCREMENT,
  `tipo` varchar(100) COLLATE latin1_general_ci DEFAULT '0',
  PRIMARY KEY (`id`),
  UNIQUE KEY `id` (`id`),
  KEY `tipo` (`tipo`)
) ENGINE=InnoDB DEFAULT CHARSET=latin1 COLLATE=latin1_general_ci;

LOCK TABLES `relacionamento` WRITE;
/*!40000 ALTER TABLE `relacionamento` DISABLE KEYS */;

INSERT INTO `relacionamento` (`id`, `tipo`)
VALUES
	(1,''),
	(30,'Amigo - Anglo'),
	(48,'Amigo - Cisco'),
	(45,'Amigo - Eliene'),
	(57,'Amigo - Etulain'),
	(29,'Amigo - Federal'),
	(53,'Amigo - Mackenzie'),
	(40,'Amigo - Poli'),
	(44,'Amigo - Praia São Vicente'),
	(46,'Amigo - Rosana'),
	(49,'Amigo - Tio Dodo'),
	(5,'Avó - Materna'),
	(3,'Avó - Paterna'),
	(34,'Avô - Materno'),
	(35,'Avô - Paterno'),
	(52,'Bom vivan'),
	(2,'Dono'),
	(47,'Funcionário POLI'),
	(27,'Irmã'),
	(22,'Laa - Doutorando'),
	(24,'Laa - Estagiário'),
	(20,'Laa - Iniciação Científica'),
	(23,'Laa - Professor'),
	(54,'Mãe'),
	(36,'Namorada'),
	(37,'Pai'),
	(55,'Parente Distante - Idalina'),
	(10,'Primo - 1° Materno'),
	(8,'Primo - 1° Paterno'),
	(11,'Primo - 2° Materno'),
	(9,'Primo - 2° Paterno'),
	(56,'Professor Anglo'),
	(26,'Professor Federal'),
	(25,'Professor POLI'),
	(33,'Secretária - FTDE'),
	(17,'Tio - 1° Materno'),
	(16,'Tio - 1° Paterno'),
	(18,'Tio - 2° Materno'),
	(19,'Tio - 2° Paterno');

/*!40000 ALTER TABLE `relacionamento` ENABLE KEYS */;
UNLOCK TABLES;



/*!40111 SET SQL_NOTES=@OLD_SQL_NOTES */;
/*!40101 SET SQL_MODE=@OLD_SQL_MODE */;
/*!40014 SET FOREIGN_KEY_CHECKS=@OLD_FOREIGN_KEY_CHECKS */;
/*!40101 SET CHARACTER_SET_CLIENT=@OLD_CHARACTER_SET_CLIENT */;
/*!40101 SET CHARACTER_SET_RESULTS=@OLD_CHARACTER_SET_RESULTS */;
/*!40101 SET COLLATION_CONNECTION=@OLD_COLLATION_CONNECTION */;
